domain,registered_date,registered_year,expire,changed,registrar,org,city,country,nameservers
cidata.gob.ve,2025-11-04,2025,2035-11-04,2025-11-04,NIC-VE,Centro De Investigaciones De Astronomia Francisco J Duarte,5101,VE,"ns.nocdirect.com, ns2.nocdirect.com"
alcaldiadeguarenas.gob.ve,2025-11-03,2025,2035-11-03,2025-11-03,NIC-VE,Alcaldia Del Municipio Plaza,1220,VE,"ns1.centos-webpanel.com, ns2.centos-webpanel.com, ns3.centos-webpanel.com, ns4.centos-webpanel.com"
alcaldiaderoscio.gob.ve,2025-10-18,2025,2035-10-18,2025-10-18,NIC-VE,Alcaldia Del Municipio Autonomo Roscio,8001,VE,"ns7.globalhostla.com, ns8.globalhostla.com"
cronistadecaracas.gob.ve,2025-10-07,2025,2035-10-07,2025-10-07,NIC-VE,Organo Auxiliar Municipal Del Cronista Municipio Libertador,1010,VE,"ns3.nube.gob.ve, ns5.nube.gob.ve"
robertserra.gob.ve,2025-09-29,2025,2035-09-29,2025-09-29,NIC-VE,Fundacion Mision Jovenes De La Patria Robert Serra,1012,VE,"ns13.tepuyserver.net, ns14.tepuyserver.net"
sedatebne.gob.ve,2025-08-01,2025,2035-08-01,2025-08-01,NIC-VE,Superintendencia De Administraci  N Tributaria Del Estado Bolivariano De Nueva Esparta,6301,VE,dns.sedatebne.gob.ve
guayanaesequiba.gob.ve,2025-07-25,2025,2035-07-25,2025-07-25,NIC-VE,Gobernaci  N Del Estado Guayana Esequiba,1064,VE,"ns1.nube.gob.ve, ns2.nube.gob.ve"
sen.gob.ve,2025-06-10,2025,2035-06-10,2025-06-10,NIC-VE,Corporacion Electrica Nacional S  A   Corpoelec,1010,VE,"romina.ns.cloudflare.com, jonah.ns.cloudflare.com"
dgnb.gob.ve,2025-06-06,2025,2035-06-06,2025-06-06,NIC-VE,Direcci  N General Nacional De Bomberos,1050,VE,"ns2.fonbe.gob.ve, ns1.fonbe.gob.ve"
granmisionvueltaalapatria.gob.ve,2025-05-23,2025,2035-05-23,2025-05-23,NIC-VE,Instituto Autonomo Consejo Nacional De Derechos De Ni  Os  Ni  As Y Adolecentes  Idenna,1053,VE,"m2.servidoro.com, m1.servidoro.com"
mincoex.gob.ve,2025-04-04,2025,2035-04-04,2025-04-04,NIC-VE,Ministerio Del Poder Popular Para El Comercio Exterior,1060,VE,"ns2.galawebhost.net, ns1.galawebhost.net"
enpi.gob.ve,2025-03-17,2025,2035-03-17,2025-03-17,NIC-VE,Servicio Autonomo De La Propiedad Intelectual,1010,VE,"dns2.enpi.gob.ve, dns1.enpi.gob.ve"
comex.gob.ve,2025-03-14,2025,2035-03-14,2025-03-14,NIC-VE,Ministerio Del Poder Popular De Econom  A Y Finanzas,1010,VE,"dns2.mppef.gob.ve, dns1.mppef.gob.ve"
inpsaseletica.gob.ve,2025-03-13,2025,2035-03-13,2025-03-13,NIC-VE,"Inst. Nacional De Prevencion, Salud Y Seguridad Laborales",1030,VE,"dns2.cantv.net, dns1.cantv.net"
masciencia.gob.ve,2025-03-11,2025,2035-03-11,2025-03-11,NIC-VE,Parque Cientifico Tecnol  Gico De Venezuela M  S Ciencia  S A,1204,VE,"ns2.mppct.gob.ve, ns1.mppct.gob.ve"
circuitoscomunales.gob.ve,2025-02-13,2025,2035-02-13,2025-02-13,NIC-VE,Comision Nacional De Telecomunicaciones Conatel,1020,VE,"romina.ns.cloudflare.com, jonah.ns.cloudflare.com"
minhidrocarburos.gob.ve,2025-01-07,2025,2035-01-07,2025-01-07,NIC-VE,Ministerio Del Poder Popular De Petroleo,1050,VE,"dns2.cantv.net, dns1.cantv.net"
siarteccarabobo.gob.ve,2024-12-04,2024,2034-12-04,2024-12-04,NIC-VE,Gobernacion Estado Carabobo,2003,VE,"dns2.cantv.net, dns1.cantv.net"
minaamp.gob.ve,2024-10-14,2024,2034-10-14,2024-10-14,NIC-VE,Ministerio Del Poder Popular Para Los Adultos Y Adultas Mayores  Abuelos Y Abuelas De La Patria,1050,VE,"dns2.minaamp.gob.ve, dns1.minaamp.gob.ve"
procuraduriaestadobarinas.gob.ve,2024-10-01,2024,2034-10-01,2024-10-01,NIC-VE,Procuraduria General Del Estado Barinas,5201,VE,"ns4.netvicios.com, ns3.netvicios.com"
cpsa.gob.ve,2024-09-30,2024,2034-09-30,2024-09-30,NIC-VE,Conglomerado Productivo S A,1010,VE,"dns2.cantv.net, dns1.cantv.net"
contraloriadecarirubana.gob.ve,2024-09-03,2024,2034-09-03,2024-09-03,NIC-VE,Contraloria Municipal De Carirubana,4102,VE,"ns2.siteground.net, ns1.siteground.net"
consejolegislativolara.gob.ve,2024-06-07,2024,2034-06-07,2024-06-07,NIC-VE,Consejo Legislativo Del Estado Lara,3001,VE,"dns2004b.trouble-free.net, dns2004a.trouble-free.net"
alcaldiasancristobal.gob.ve,2024-05-29,2024,2034-05-29,2024-05-29,NIC-VE,Alcaldia Del Municipio San Cristobal,5001,VE,"ns2.uanesi.net, ns1.uanesi.net"
pciviltachira.gob.ve,2024-03-26,2024,2034-03-26,2024-03-26,NIC-VE,Instituto Autonomo De Proteccion Civil Del Estado Tachira,5001,VE,"ns2.dns-parking.com, ns1.dns-parking.com"
sbr.gob.ve,2024-03-18,2024,2034-03-18,2024-03-18,NIC-VE,Servicio De Bienes Recuperados,1060,VE,ns1.sbr.gob.ve
cenipa.gob.ve,2024-02-21,2024,2034-02-21,2024-02-21,NIC-VE,Centro Nacional De Investigacion De Pesca Y Agricultura,1015,VE,"dns2.cenipa.gob.ve, dns1.cenipa.gob.ve"
nuevaepoca.gob.ve,2024-02-21,2024,2034-02-21,2024-02-21,NIC-VE,Gobernacion Del Estado Bolivariano De Miranda,1201,VE,"ns4.daycohost.net, ns3.daycohost.net, ns2.daycohost.net, ns1.daycohost.net"
venezuelatoda.gob.ve,2023-11-08,2023,2033-11-08,2023-11-08,NIC-VE,Gobernacion Del Estado Bolivariano De Miranda,1201,VE,"ns2.daycohost.net, ns1.daycohost.net, ns3.daycohost.net, ns4.daycohost.net"
corpesca.gob.ve,2023-11-02,2023,2033-11-02,2023-11-02,NIC-VE,Corporacion De Servicios Pesqueros Y Acuicolas De Venezuela,1015,VE,"dns2.cantv.net, dns1.cantv.net"
comisionesequibo.gob.ve,2023-09-27,2023,2033-09-27,2023-09-27,NIC-VE,Compa  Ia Anonima Venezolana De Television,1071,VE,"dns2.cantv.net, dns1.cantv.net"
misionpiar.gob.ve,2023-09-15,2023,2033-09-15,2023-09-15,NIC-VE,Fundacion Mision Piar,1010,VE,"ns4.mppdme.gob.ve, ns3.mppdme.gob.ve"
alcaldiadelmunicipiotinaco.gob.ve,2023-08-21,2023,2033-08-21,2023-08-21,NIC-VE,Alcaldia Del Municipio Tinaco,2206,VE,"ns24.tepuyserver.net, ns23.tepuyserver.net"
hidrolago.gob.ve,2023-07-11,2023,2033-07-11,2023-07-11,NIC-VE,C A  Hidrologica Del Lago De Maracaibo,4004,VE,"dns2.cantv.net, dns1.cantv.net"
cnu.gob.ve,2023-06-15,2023,2033-06-15,2023-06-15,NIC-VE,Consejo Nacional De Universidades,1010,VE,"ns4.reacciun.ve, ns3.reacciun.ve"
concejolossalias.gob.ve,2023-06-08,2023,2033-06-08,2023-06-08,NIC-VE,Concejo Municipal Del Municipio Los Salias,1204,VE,"ns20.tepuyserver.net, ns19.tepuyserver.net"
fonaem.gob.ve,2023-05-23,2023,2033-05-23,2023-05-23,NIC-VE,Fondo Nacional Para Los Emprendimientos  S A,1010,VE,"dns2.planetahosting.pe, dns1.planetahosting.pe"
misionribas.gob.ve,2023-04-14,2023,2033-04-14,2023-04-14,NIC-VE,Fundación Misión Ribas,1041,VE,"ns4.reacciun.ve, ns3.reacciun.ve"
nube.gob.ve,2023-03-30,2023,2033-03-30,2025-03-05,NIC-VE,Corporacion Para El Desarrollo Cientifico Y Tecnologico  S A,1020,VE,"ns2.nube.gob.ve, ns1.nube.gob.ve, ns6.nube.gob.ve, ns5.nube.gob.ve, ns4.nube.gob.ve, ns3.nube.gob.ve"
femsur.gob.ve,2023-03-23,2023,2033-03-23,2023-03-23,NIC-VE,Fundacion Escuela Feminista Del Sur Argelia Laya Femsur,1010,VE,"dns2.femsur.gob.ve, dns1.femsur.gob.ve"
fasmee.gob.ve,2023-01-05,2023,2033-01-05,2023-01-05,NIC-VE,Fondo Autoadministrado De Salud Para El Ministerio Del Poder Popular Para La Energia Electrica,1060,VE,"fasdns02.fasmee.gob.ve, fasdns01.fasmee.gob.ve, fasdns03.fasmee.gob.ve, fasdns04.fasmee.gob.ve"
sigestel.gob.ve,2023-01-04,2023,2033-01-04,2023-01-04,NIC-VE,Comision Nacional De Telecomunicaciones Conatel,1020,VE,"owen.ns.cloudflare.com, luciane.ns.cloudflare.com"
comisionpresidencialucv.gob.ve,2022-12-16,2022,2032-12-16,2022-12-16,NIC-VE,Fundaci  N Misi  N Venezuela Bella,1010,VE,"ns2.siteground.net, ns1.siteground.net"
sabates.gob.ve,2022-12-16,2022,2032-12-16,2022-12-16,NIC-VE,Servicio Autonomo Bolivariano De Administracion Tributaria Del Estado Sucre  Sabates,6101,VE,"ns3.daycohost.com, ns4.daycohost.com"
parguaza.gob.ve,2022-10-28,2022,2032-10-28,2022-10-28,NIC-VE,Empresa Mixta Minera Ecosocialista Parguaza S A,8007,VE,"ns3.mppdme.gob.ve, ns4.mppdme.gob.ve"
cmbnaguanagua.gob.ve,2022-10-25,2022,2032-10-25,2022-10-25,NIC-VE,Concejo Municipal Bolivariano De Naguanagua,2005,VE,"ns24.tepuyserver.net, ns23.tepuyserver.net"
loteriadecaracas.gob.ve,2022-10-18,2022,2032-10-18,2022-10-18,NIC-VE,Loteria De Caracas,1020,VE,"luke.ns.cloudflare.com, dina.ns.cloudflare.com"
respaldocomunal.gob.ve,2022-08-23,2022,2032-08-23,2022-08-23,NIC-VE,Servicio Fondo Nacional Del Poder Popular,1010,VE,"ns2.safonapp.gob.ve, ns1.safonapp.gob.ve"
vsctes.gob.ve,2022-06-27,2022,2032-06-27,2022-07-01,NIC-VE,Ministerio Del Poder Popular Para Ciencia Y Tecnologia,1010,VE,"ns1.mppct.gob.ve, ns2.mppct.gob.ve"
alcaldiasanfrancisco.gob.ve,2022-06-08,2022,2032-06-08,2022-08-26,NIC-VE,Alcaldia Del Municipio San Francisco,4004,VE,"ruth.ns.cloudflare.com, ajay.ns.cloudflare.com"
emvepro.gob.ve,2022-05-27,2022,2032-05-27,2022-05-27,NIC-VE,Empresa De Distribucion De Productos E Insumos  Venezuela Productiva  C A,2115,VE,"ns1.emvepro.gob.ve, ns2.emvepro.gob.ve"
alcaldiadenaguanagua.gob.ve,2022-04-28,2022,2032-04-28,2022-04-28,NIC-VE,Fisco Municipal De Naguanagua,2005,VE,"yolanda.ns.cloudflare.com, lochlan.ns.cloudflare.com"
gobernaciondelzulia.gob.ve,2022-04-18,2022,2032-04-18,2022-04-18,NIC-VE,Gobernacion Del Estado Zulia,4001,VE,"dns2.gobernaciondelzulia.gob.ve, dns1.gobernaciondelzulia.gob.ve"
comunas.gob.ve,2022-03-10,2022,2032-03-10,2022-03-10,NIC-VE,Ministerio Del Poder Popular Para Las Comunas Y Los Movimientos Sociales,1050,VE,"dns2.comunas.gob.ve, dns1.comunas.gob.ve"
concejomunicipiolostaques.gob.ve,2022-02-14,2022,2032-02-14,2022-02-14,NIC-VE,Concejo Municipal Los Taques,4101,VE,"dns2.namecheaphosting.com, dns1.namecheaphosting.com"
1x10delbuengobierno.gob.ve,2022-01-18,2022,2032-01-18,2022-01-18,NIC-VE,Comision Nacional De Telecomunicaciones Conatel,1020,VE,"dahlia.ns.cloudflare.com, nile.ns.cloudflare.com"
juegosnacionales.gob.ve,2022-01-11,2022,2032-01-11,2022-01-11,NIC-VE,Instituto Nacional De Deportes,1020,VE,"ns4.reacciun.ve, ns3.reacciun.ve"
corselca.gob.ve,2021-12-01,2021,2031-12-01,2024-10-08,NIC-VE,Corporacion Socialista Del Sector Electrodomesticos  C A,1052,VE,"dns2.corselca.gob.ve, dns1.corselca.gob.ve"
senafim.gob.ve,2021-11-19,2021,2031-11-19,2021-11-19,NIC-VE,Oficina Nacional De Fiscalización E Inspección Minera,1060,VE,"ns2.senafim.gob.ve, ns1.senafim.gob.ve"
mppe.gob.ve,2021-11-05,2021,2031-11-05,2024-11-07,NIC-VE,Ministerio Del Poder Popular Para La Educacion,1010,VE,"dns2.cantv.net, dns1.cantv.net"
emprenderjuntos.gob.ve,2021-10-18,2021,2031-10-18,2021-10-18,NIC-VE,Ministerio Del Poder Popular De Econom  A Y Finanzas,1010,VE,"dns2.mppef.gob.ve, dns1.mppef.gob.ve"
polocientifico.gob.ve,2021-10-13,2021,2031-10-13,2023-05-03,NIC-VE,,Caracas,VE,"ns4.reacciun.ve, ns3.reacciun.ve"
cmao.gob.ve,2021-09-27,2021,2031-09-27,2021-09-27,NIC-VE,Concejo Municipal Angostura Del Orinoco,8001,VE,"ns2.cmao.gob.ve, ns1.cmao.gob.ve"
futurafm.gob.ve,2021-09-20,2021,2031-09-20,2021-09-20,NIC-VE,Futura,4013,VE,"b11.dns40.com, b10.dns40.com"
tubhelca.gob.ve,2021-09-15,2021,2031-09-15,2021-09-15,NIC-VE,Tuberias Helicoidales  C A,3001,VE,"sara.ns.cloudflare.com, elmo.ns.cloudflare.com"
flnh.gob.ve,2021-07-30,2021,2031-07-30,2021-07-30,NIC-VE,Fundacion Laboratorio Nacional De Hidraulica,1073,VE,"ns351.gconex.com, ns350.gconex.com"
solucioneshidraulicas.gob.ve,2021-07-30,2021,2031-07-30,2021-07-30,NIC-VE,Fundacion Laboratorio Nacional De Hidraulica,1073,VE,"ns351.gconex.com, ns350.gconex.com"
observatorio.gob.ve,2021-06-17,2021,2031-06-17,2021-06-17,NIC-VE,Centro Internacional De Inversi  N Productiva,1064,VE,"ns2.observatorio.gob.ve, ns1.observatorio.gob.ve"
sunad.gob.ve,2021-06-16,2021,2031-06-16,2021-06-16,NIC-VE,Oficina Nacional Antidrogas,1010,VE,"dns2.sunad.gob.ve, dns1.sunad.gob.ve"
elpuebloparticipa.gob.ve,2021-04-09,2021,2031-04-09,2021-04-09,NIC-VE,Fondo Nacional De Misiones,1060,VE,"aarav.ns.cloudflare.com, jen.ns.cloudflare.com"
regresoaclases.gob.ve,2021-03-19,2021,2031-03-19,2021-03-19,NIC-VE,Fondo Nacional De Misiones,1060,VE,"jen.ns.cloudflare.com, aarav.ns.cloudflare.com"
sna.gob.ve,2021-03-12,2021,2031-03-12,2021-03-12,NIC-VE,Oficina Nacional Antidrogas,1010,VE,"dns2.sna.gob.ve, dns1.sna.gob.ve"
hidrocapital.gob.ve,2021-02-09,2021,2031-02-09,2021-02-09,NIC-VE,NO APLICA,1050,VE,"ns2.hidrocapital.gob.ve, ns1.hidrocapital.gob.ve"
alcaldiadesanfelipe.gob.ve,2021-01-29,2021,2031-01-29,,NIC-VE,Alcaldia Del Mcpio San Felipe Edo.yaracuy,3201,VE,"ns29.tepuyserver.net, ns30.tepuyserver.net"
fonaguas.gob.ve,2021-01-07,2021,2031-01-07,2025-12-12,NIC-VE,Fondo Nacional Para La Gestion Integral De Las Aguas,1010,VE,"dns3004a.trouble-free.net, dns3004b.trouble-free.net"
alcaldiabaruta.gob.ve,2020-11-13,2020,2030-11-13,,NIC-VE,,1080,VE,"dns.site5.com, dns2.site5.com"
cenaoz.gob.ve,2020-10-23,2020,2030-10-23,2025-12-29,NIC-VE,,1010,VE,"ns2.cenaoz.gob.ve, ns1.cenaoz.gob.ve"
sedatez.gob.ve,2020-07-14,2020,2030-07-14,,NIC-VE,,4001,VE,"ns2.sedatez.gob.ve, ns1.sedatez.gob.ve"
sedematlagunillas.gob.ve,2020-07-03,2020,2030-07-03,,NIC-VE,,1010,VE,"ns1.a2hosting.com, ns2.a2hosting.com, ns3.a2hosting.com, ns4.a2hosting.com"
fundacite.gob.ve,2020-06-18,2020,2030-06-18,,NIC-VE,Ministerio Del Poder Popular Para Ciencia Y Tecnologia,1010,VE,"ns1.mppct.gob.ve, ns2.mppct.gob.ve"
araguena.gob.ve,2020-05-15,2020,2030-05-15,,NIC-VE,NO APLICA,2103,VE,"ns7.conectarhosting.com, ns8.conectarhosting.com"
jirajara.gob.ve,2020-04-11,2020,2030-04-11,2022-02-22,NIC-VE,Complejo Alfarero Jirajara Ca,4101,VE,"ns2.dattaapure.com, ns1.dattaapure.com"
petrocasa.gob.ve,2020-04-11,2020,2030-04-11,,NIC-VE,Petrocasa S.a.,2013,VE,"ns5.conectarhosting.com, ns6.conectarhosting.com"
gaslara.gob.ve,2020-03-27,2020,2030-03-27,2020-04-20,NIC-VE,GASLARA,3001,VE,"jason.ns.cloudflare.com, lara.ns.cloudflare.com"
sedat.gob.ve,2020-03-27,2020,2030-03-27,2024-04-22,NIC-VE,Servicio Desconcentrado De Administraci  N Tributaria Del Municipio Sucre,1071,VE,"june.ns.cloudflare.com, gerardo.ns.cloudflare.com"
lecheria.gob.ve,2020-02-11,2020,2030-02-11,,NIC-VE,Alcaldia del Municipio Turistico El Morro Lcdo. Diego Bautista Urbaneja,6016,VE,"matrix2.adclichosting.com, matrix1.adclichosting.com"
inidi.gob.ve,2020-02-06,2020,2030-02-06,2025-05-21,NIC-VE,Instituto Nacional De Idiomas Indigenas,1010,VE,"ns2.byet.org, ns1.byet.org"
xvcenso.gob.ve,2019-10-08,2019,2030-10-08,2022-09-22,NIC-VE,,Caracas,VE,"ns1.mppp.gob.ve, ns2.mppp.gob.ve"
mincyt.gob.ve,2019-09-25,2019,2029-09-25,2025-12-12,NIC-VE,Ministerio del Poder Popular para la Ciencia y Tecnología,1010,VE,"ns2.mppct.gob.ve, ns5.nube.gob.ve, ns3.nube.gob.ve, ns1.mppct.gob.ve"
mppct.gob.ve,2019-08-21,2019,2029-08-21,2025-12-12,NIC-VE,Ministerio Del Poder Popular Para Ciencia Y Tecnologia,1010,VE,"ns1.mppct.gob.ve, ns2.mppct.gob.ve"
prensapresidencialvenezuela.gob.ve,2019-08-16,2019,2029-08-16,2024-06-13,NIC-VE,Ministerio Del Poder Popular Del Despacho De La Presidencia Y Seguimiento De La Gestion De Gobierno,1010,VE,"ns2.digalo.gob.ve, ns1.digalo.gob.ve"
mincomercionacional.gob.ve,2019-05-10,2019,2029-12-31,,NIC-VE,,Caracas,VE,"dns1.cantv.net, dns2.cantv.net"
funvi.gob.ve,2019-03-20,2019,2029-12-31,2023-10-26,NIC-VE,Fundaci  N Vivienda Del Distrito Capital,1020,VE,"dns2.cantv.net, dns1.cantv.net"
vensalud.gob.ve,2019-02-18,2019,2029-12-31,2024-11-20,NIC-VE,Venezolana De Servicios Tecnologicos Para Equipos De Salud S A,1010,VE,"ns1.vensalud.gob.ve, ns2.vensalud.gob.ve"
alcaldiacaroni.gob.ve,2019-01-18,2019,2029-12-31,2019-10-09,NIC-VE,,San Felix,VE,"dns2.cant.net, dns1.cantv.net, ns1.alcaldiacaroni.gob.ve"
corposaludyaracuy.gob.ve,2018-12-14,2018,2029-12-31,,NIC-VE,,San Felipe,VE,"kay.ns.cloudflare.com, theo.ns.cloudflare.com"
corpoez.gob.ve,2018-11-19,2018,2029-12-31,2021-04-30,NIC-VE,Corporacion Ecosocialista Ezequiel Zamora  S A   Corpoez,1071,VE,"ns1.corpoez.gob.ve, ns2.corpoez.gob.ve"
minaguas.gob.ve,2018-10-10,2018,2029-12-31,,NIC-VE,Rodulfo Oswaldo,1010,VE,"ns1.minaguas.gob.ve, ns2.minaguas.gob.ve"
sunacrip.gob.ve,2018-07-28,2018,2029-12-31,,NIC-VE,,Caracas,VE,"ns1.sunacrip.gob.ve, ns2.sunacrip.gob.ve, ns3.sunacrip.gob.ve, ns4.sunacrip.gob.ve"
iaefalcon.gob.ve,2018-07-13,2018,2029-12-31,,NIC-VE,,Santa Ana de Coro,VE,"kay.ns.cloudflare.com, theo.ns.cloudflare.com"
minpesca.gob.ve,2018-06-28,2018,2029-12-31,2025-11-04,NIC-VE,Ministerio Del Poder Popular De Pesca Y Acuicultura,1010,VE,"dns1.minpesca.gob.ve, dns2.minpesca.gob.ve"
chambajuvenil.gob.ve,2018-06-26,2018,2029-12-31,,NIC-VE,,Caracas,VE,"dns2.gmsaberytrabajo.gob.ve, externo1.gmsaberytrabajo.gob.ve"
alcaldiademiranda.gob.ve,2018-05-24,2018,2029-12-31,,NIC-VE,NO APLICA,2041,VE,"iris.ns.cloudflare.com, ethan.ns.cloudflare.com"
sudeca.gob.ve,2018-05-16,2018,2029-12-31,,NIC-VE,,Caracas,VE,"dns1.sudeca.gob.ve, dns2.sudeca.gob.ve"
icopetro.gob.ve,2018-04-10,2018,2029-12-31,,NIC-VE,,Caracas,VE,"luke.ns.cloudflare.com, mona.ns.cloudflare.com"
minagricultura.gob.ve,2018-02-22,2018,2029-12-31,,NIC-VE,,Caracas,VE,"ns1.minagricultura.gob.ve, ns2.minagricultura.gob.ve"
ont.gob.ve,2018-02-22,2018,2029-12-31,,NIC-VE,,caracas,VE,"dns1.mppef.gob.ve, dns2.mppef.gob.ve"
petro.gob.ve,2018-01-31,2018,2029-12-31,,NIC-VE,,Caracas,VE,"ns1.petro.gob.ve, ns4.petro.gob.ve, ns3.petro.gob.ve, ns2.petro.gob.ve"
maracaibo.gob.ve,2018-01-29,2018,2029-12-31,,NIC-VE,,Maracaibo,VE,"ns1.afraid.org, ns2.afraid.org, ns3.afraid.org, ns4.afraid.org"
envial.gob.ve,2018-01-24,2018,2029-12-31,,NIC-VE,,Caracas,VE,"west.ns.cloudflare.com, molly.ns.cloudflare.com"
ispeb.gob.ve,2018-01-15,2018,2029-12-31,2025-05-21,NIC-VE,Instituto De Salud Publica Del Edo Bolivar,8001,VE,"sam.ns.cloudflare.com, daphne.ns.cloudflare.com"
planpatria.gob.ve,2018-01-05,2018,2029-12-31,2022-09-22,NIC-VE,,Caracas,VE,"ns1.mppp.gob.ve, ns2.mppp.gob.ve"
minpet.gob.ve,2017-12-22,2017,2029-12-31,,NIC-VE,,Caracas,VE,"dns1.cantv.net, dns2.cantv.net"
cmcarvajal.gob.ve,2017-12-13,2017,2029-12-31,,NIC-VE,,Trujillo,VE,"ns1.cdmon.net, ns2.cdmon.net, ns3.cdmon.net"
blockchain.gob.ve,2017-12-07,2017,2029-12-31,,NIC-VE,,Caracas,VE,"ns3.reacciun.ve, ns4.reacciun.ve"
cneh.gob.ve,2017-11-29,2017,2029-12-31,2025-06-27,NIC-VE,Fundacion Centro Nacional De Estudios Historicos,1010,VE,ns1.cneh.gob.ve
insemat.gob.ve,2017-11-23,2017,2029-12-31,,NIC-VE,Instituto Autonomo De Servicio Municipal De Administración Tributaria,3050,VE,"ns-cloud-a4.googledomains.com, ns-cloud-a3.googledomains.com, ns-cloud-a2.googledomains.com, ns-cloud-a1.googledomains.com"
corposervica.gob.ve,2017-10-31,2017,2029-12-31,2024-05-29,NIC-VE,Corporacion De Servicios De Vigilancia Y Seguridad  S A,1080,VE,"ns11.wnetserver.com, ns12.wnetserver.com"
agrosur.gob.ve,2017-10-19,2017,2029-12-31,2020-04-02,NIC-VE,Conglomerado Agrosur S.A,1012,VE,"bryce.ns.cloudflare.com, vita.ns.cloudflare.com"
unif.gob.ve,2017-10-11,2017,2029-12-31,2019-08-15,NIC-VE,,Caracas,VE,"dns1.unif.gob.ve, dns2.unif.gob.ve"
apn.gob.ve,2017-09-25,2017,2029-12-31,,NIC-VE,,Caracas,VE,"ns2.mppp.gob.ve, ns1.mppp.gob.ve"
billeteramovil.gob.ve,2017-09-12,2017,2029-12-31,,NIC-VE,,caracas,VE,"dns1.cantv.net, dns2.cantv.net"
oncdoft.gob.ve,2017-04-21,2017,2029-12-31,2025-08-04,NIC-VE,Oficina Nacional Contra La Delincuencia Organizada Y Financiamiento Al Terrorismo,1060,VE,"ns2.oncdoft.gob.ve, ns1.oncdoft.gob.ve"
desarrollominero.gob.ve,2017-03-11,2017,2029-12-31,2022-09-16,NIC-VE,Ministerio Del Poder Popular De Desarrollo Minero Ecol  Gico,1060,VE,"ns3.mppdme.gob.ve, ns4.mppdme.gob.ve"
ivpa.gob.ve,2017-02-21,2017,2029-12-31,,NIC-VE,,Caracas,VE,"ns2.mppp.gob.ve, ns1.mppp.gob.ve"
mppop.gob.ve,2017-02-20,2017,2029-12-31,2023-05-19,NIC-VE,Ministerio Del Poder Popular De Obras Publicas,1050,VE,"dns2.mppop.gob.ve, dns1.mppop.gob.ve"
mppt.gob.ve,2017-02-20,2017,2029-12-31,,NIC-VE,,Caracas,VE,"dns1.mppt.gob.ve, dns2.mppt.gob.ve"
cuspal.gob.ve,2017-02-03,2017,2029-12-31,,NIC-VE,,Caracas,VE,"ns2.cuspal.gob.ve, ns1.cuspal.gob.ve"
polimara.gob.ve,2017-02-03,2017,2029-12-31,,NIC-VE,,San Rafael de El Mojan,VE,"ns1.hostingmaracaibo.com, ns2.hostingmaracaibo.com"
ucs.gob.ve,2016-12-08,2016,2029-12-31,,NIC-VE,,Caracas,VE,"dns1.cantv.net, dns2.cantv.net"
juventudydeporte.gob.ve,2016-10-05,2016,2029-12-31,2023-08-21,NIC-VE,Ministerio Del Poder Popular Para La Juventud Y El Deporte,1020,VE,"dns2.cantv.net, dns1.cantv.net"
softwarepublico.gob.ve,2016-08-22,2016,2029-12-31,,NIC-VE,,Caracas,VE,"ns3.reacciun.ve, ns4.reacciun.ve"
sarep.gob.ve,2016-08-02,2016,2029-12-31,,NIC-VE,,Guanare,VE,"ns1.hostingmaracaibo.com, ns2.hostingmaracaibo.com"
contraloriamunicipaldeheres-bolivar.gob.ve,2016-06-16,2016,2029-12-31,,NIC-VE,,Ciudad Bolivar,VE,"dns1.alcaldiadeheres.gob.ve, dns2.alcaldiadeheres.gob.ve"
avp.gob.ve,2016-06-03,2016,2029-12-31,,NIC-VE,,Caracas,VE,"ns1.8ssi.com, ns2.8ssi.com"
fnp.gob.ve,2016-04-08,2016,2029-12-31,,NIC-VE,,Caracas,VE,"ns2.digalo.gob.ve, ns1.digalo.gob.ve"
bustaguanes.gob.ve,2016-03-11,2016,2029-12-31,,NIC-VE,,San Carlos,VE,"kai.ns.cloudflare.com, sandy.ns.cloudflare.com"
circuitorrb.gob.ve,2016-03-10,2016,2029-12-31,,NIC-VE,Ejecutivo Del Estado Bolivar,8001,VE,"dns2.caracashosting25.com, dns1.caracashosting25.com"
minppau.gob.ve,2016-01-29,2016,2029-12-31,,NIC-VE,,Caracas,VE,"ns1.minppau.gob.ve, ns2.minppau.gob.ve"
vpse.gob.ve,2016-01-29,2016,2029-12-31,,NIC-VE,,Caracas,VE,"ns2.industrias.gob.ve, ns1.industrias.gob.ve"
huc.gob.ve,2015-12-14,2015,2029-12-31,2024-08-29,NIC-VE,Instituto Autonomo Hospital Universitario De Caracas,1041,VE,"dns2.huc.gob.ve, dns1.huc.gob.ve"
cenvih.gob.ve,2015-11-05,2015,2029-12-31,2025-11-10,NIC-VE,Cenvih,1080,VE,"ns2.mppct.gob.ve, ns1.mppct.gob.ve, ns3.mppct.gob.ve"
hidroandes.gob.ve,2015-10-19,2015,2029-12-31,,NIC-VE,,Barinas,VE,"ns8.globalhostla.com, ns7.globalhostla.com"
alcaldiamunicipiolibertador-mer.gob.ve,2015-09-18,2015,2029-12-31,,NIC-VE,,Merida,VE,"ns25.tepuyserver.net, ns26.tepuyserver.net"
turmero.gob.ve,2015-09-17,2015,2029-12-31,,NIC-VE,,Turmero,VE,ns1.turmero.gob.ve
utne.gob.ve,2015-07-23,2015,2029-12-31,,NIC-VE,,Porlamar,VE,"ns3.reacciun.ve, ns4.reacciun.ve"
antimonopolio.gob.ve,2015-07-16,2015,2029-12-31,2022-05-26,NIC-VE,Superintendencia Antimonopolio,1015,VE,"dns2.cantv.net, dns1.cantv.net"
sinco.gob.ve,2015-07-03,2015,2029-12-31,2020-03-06,NIC-VE,,Caracas,VE,"ns2.sinco.gob.ve, ns1.sinco.gob.ve"
almccs.gob.ve,2015-06-11,2015,2029-12-31,,NIC-VE,,Caracas,VE,"ns1.dattaapure.com, ns2.dattaapure.com"
minhvi.gob.ve,2015-05-28,2015,2029-12-31,,NIC-VE,,Caracas,VE,"ns1.afraid.org, ns1.minhvi.gob.ve, ns2.afraid.org, ns2.minhvi.gob.ve"
corposaludaragua.gob.ve,2015-03-31,2015,2029-12-31,,NIC-VE,,Maracay,VE,"dns1.corposaludaragua.gob.ve, dns2.corposaludaragua.gob.ve"
sunagro.gob.ve,2015-03-17,2015,2029-12-31,,NIC-VE,,Caracas,VE,"dns1.sunagro.gob.ve, dns2.sunagro.gob.ve"
hcudamp.gob.ve,2015-03-11,2015,2029-12-31,,NIC-VE,,Barquisimeto,VE,"ns1.he.net, ns2.he.net, ns3.he.net, ns4.he.net, ns5.he.net"
samath.gob.ve,2015-03-05,2015,2029-12-31,,NIC-VE,,Bolivar,VE,"dns1.alcaldiadeheres.gob.ve, dns2.alcaldiadeheres.gob.ve"
alcaldiadeplaza.gob.ve,2015-01-21,2015,2029-12-31,2021-11-03,NIC-VE,Alcaldia Del Municipio Plaza,1220,VE,"ns2.dns-parking.com, ns1.dns-parking.com"
ven911.gob.ve,2014-11-07,2014,2029-12-31,,NIC-VE,,Caracas,VE,"dns2.cantv.net, dns1.cantv.net"
safonapp.gob.ve,2014-10-29,2014,2029-12-31,2022-08-25,NIC-VE,Servicio Fondo Nacional Del Poder Popular,1010,VE,"ns2.safonapp.gob.ve, ns1.safonapp.gob.ve"
alcaldiadeindependencia.gob.ve,2014-09-23,2014,2029-12-31,,NIC-VE,NO APLICA,3221,VE,"kira.ns.cloudflare.com, ethan.ns.cloudflare.com"
fundavene.gob.ve,2014-09-22,2014,2029-12-31,2023-05-11,NIC-VE,Fundaci  N Venezolana De Donaciones Y Trasplantes De   Rganos  Tejidos Y C  Lulas  Fundavene,1010,VE,"ns2.nube.gob.ve, ns1.nube.gob.ve"
consejoderechoshumanos.gob.ve,2014-09-03,2014,2029-12-31,,NIC-VE,Vladimir Jesus,1011,VE,"emma.ns.cloudflare.com, west.ns.cloudflare.com"
gmsaberytrabajo.gob.ve,2014-09-03,2014,2029-12-31,,NIC-VE,,Caracas,VE,"dns2.gmsaberytrabajo.gob.ve, externo1.gmsaberytrabajo.gob.ve"
espromedbio.gob.ve,2014-08-14,2014,2029-12-31,,NIC-VE,,Caracas,VE,"dns2.espromedbio.gob.ve, dns1.espromedbio.gob.ve"
concejomunicipalelhatillo.gob.ve,2014-07-23,2014,2029-12-31,2023-10-03,NIC-VE,Concejo Municipal El Hatillo,1083,VE,"nspro33.hostgator.mx, nspro32.hostgator.mx"
conati.gob.ve,2014-07-07,2014,2029-12-31,2025-12-02,NIC-VE,Comisi  N Nacional De Las Tecnologias De Informaci  N,1010,VE,"ns2.mppct.gob.ve, ns1.mppct.gob.ve, ns3.mppct.gob.ve"
concejomunicipalplaza.gob.ve,2014-06-19,2014,2029-12-31,,NIC-VE,,Guarenas,VE,"ns3.netquatro.net, ns4.netquatro.net"
hogaresdelapatria.gob.ve,2014-06-11,2014,2029-12-31,2023-03-23,NIC-VE,Fundacion Gran Mision Hogares De La Patria,1010,VE,"dns2.hogaresdelapatria.gob.ve, dns1.hogaresdelapatria.gob.ve"
contraloriaautonomadeguacara.gob.ve,2014-06-02,2014,2029-12-31,,NIC-VE,,Guacara,VE,"ns2.wnetserver.com, ns1.wnetserver.com"
mpppst.gob.ve,2014-05-28,2014,2029-12-31,,NIC-VE,,Caracas,VE,"dns1.mpppst.gob.ve, dns2.mpppst.gob.ve"
contraloriarosariodeperija.gob.ve,2014-05-13,2014,2029-12-31,,NIC-VE,,Villa del Rosario,VE,"ns11.8ssi.com, ns12.8ssi.com, ns1.8ssi.com, ns2.8ssi.com"
alcaldiadeatures.gob.ve,2014-05-05,2014,2029-12-31,,NIC-VE,,Puerto Ayacucho,VE,"da2.dns40.com, da1.dns40.com"
concejomunicipalacevedo.gob.ve,2014-04-11,2014,2029-12-31,,NIC-VE,,Caucagua,VE,"ns4.netquatro.net, ns3.netquatro.net"
alcaldiadenirgua.gob.ve,2014-03-11,2014,2029-12-31,,NIC-VE,,Nirgua,VE,"ns1.8ssi.com, ns2.8ssi.com"
sundde.gob.ve,2014-02-12,2014,2029-12-31,,NIC-VE,,caracas,VE,"dns1.cantv.net, dns2.cantv.net"
corpovex.gob.ve,2013-12-11,2013,2029-12-31,,NIC-VE,Corporación Venezolana De Comercio Exterior S.a.,1052,VE,"ns1.corpovex.gob.ve, ns2.corpovex.gob.ve"
edosucre.gob.ve,2013-11-25,2013,2029-12-31,2020-05-15,NIC-VE,,6101,VE,"ns2.daycohost.com, ns1.daycohost.com"
cesppa.gob.ve,2013-11-15,2013,2029-12-31,2025-07-23,NIC-VE,Centro Estrategico De Seguridad Y Proteccion De La Patria,1010,VE,"ns2.cesppa.gob.ve, ns4.cesppa.gob.ve"
resquimc.gob.ve,2013-10-01,2013,2029-12-31,2021-07-27,NIC-VE,Registro Nacional Unico De Operadores De Sustancias Quimicas Controladas  Resquimc,1014,VE,"dns2.cantv.net, dns1.cantv.net"
satdc.gob.ve,2013-09-23,2013,2029-12-31,2019-11-14,NIC-VE,Servicio de Administracion Tributaria del Distrito Capital,1010,VE,"ns4.tepuyserver.net, ns3.tepuyserver.net"
contraloriadelmunicipioacevedo.gob.ve,2013-09-18,2013,2029-12-31,,NIC-VE,,Caucagua,VE,"ns3.netquatro.net, ns4.netquatro.net"
sudeaseg.gob.ve,2013-08-19,2013,2029-12-31,,NIC-VE,,Caracas,VE,"dns1.sudeaseg.gob.ve, dns2.sudeaseg.gob.ve"
mpprijp.gob.ve,2013-08-07,2013,2029-12-31,,NIC-VE,,Caracas,VE,"dns1.cantv.net, dns2.cantv.net"
cebm.gob.ve,2013-06-28,2013,2029-12-31,,NIC-VE,NO APLICA,1201,VE,"ns2.cebm.gob.ve, ns1.cebm.gob.ve"
mppp.gob.ve,2013-06-21,2013,2029-12-31,,NIC-VE,,Caracas,VE,"ns2.mppp.gob.ve, ns1.mppp.gob.ve"
acav.gob.ve,2013-05-10,2013,2029-12-31,2025-12-12,NIC-VE,,5224,VE,"ns1.mppct.gob.ve, ns2.mppct.gob.ve"
iamib.gob.ve,2013-04-03,2013,2029-12-31,,NIC-VE,,Ciudad Bolivar,VE,"ns5.globalhost.com.ve, ns6.globalhost.com.ve"
gacetaoficial.gob.ve,2013-02-26,2013,2029-12-31,2022-02-25,NIC-VE,Servicio Autonomo Imprenta Nacional Y Gaceta Oficial De La Republica Bolivaria,1011,VE,"ns-imprenta-2.gacetaoficial.gob.ve, ns-imprenta-1.gacetaoficial.gob.ve"
mippci.gob.ve,2013-02-26,2013,2029-12-31,2020-03-06,NIC-VE,Ministerio Del Poder Popular Para La Comunicacion Y La Informacion,1010,VE,"ns1.mippci.gob.ve, ns2.mippci.gob.ve"
csn.gob.ve,2013-02-21,2013,2029-12-31,2025-03-10,NIC-VE,Complejo Siderurgico Nacional  S A,1000,VE,"dns1.csn.gob.ve, dns2.csn.gob.ve"
minerven.gob.ve,2013-02-07,2013,2029-12-31,2022-05-16,NIC-VE,Compa  Ia General De Mineria De Venezuela C A,8056,VE,"ns2.dattaapure.com, ns1.dattaapure.com"
sateb.gob.ve,2013-01-07,2013,2029-12-31,,NIC-VE,Servicio Desconcentrado De Administracion Tributaria Barinas,5201,VE,"ns13.tepuyserver.net, ns14.tepuyserver.net"
tifm.gob.ve,2012-12-20,2012,2029-12-31,,NIC-VE,Territorio Insular Francisco De Miranda,1014,VE,"dns1.tifm.gob.ve, dns2.tifm.gob.ve, dns3.tifm.gob.ve"
sudebip.gob.ve,2012-12-06,2012,2029-12-31,,NIC-VE,,Caracas,VE,"dns1.sudebip.gob.ve, dns2.sudebip.gob.ve"
cscv.gob.ve,2012-11-05,2012,2029-12-31,2020-06-26,NIC-VE,,Caucagua,VE,"ns24.tepuyserver.net, ns23.tepuyserver.net"
alcaldiaguanare.gob.ve,2012-09-10,2012,2029-12-31,,NIC-VE,,Guanare,VE,"ns2.corpohosting.com, ns1.corpohosting.com"
sedemat.gob.ve,2012-05-22,2012,2029-12-31,,NIC-VE,,Maracaibo,VE,"ns1.afraid.org, ns2.afraid.org, ns3.afraid.org, ns4.afraid.org"
sicm.gob.ve,2012-05-07,2012,2029-12-31,,NIC-VE,Ministerio Del Poder Popular  Para La Salud,1010,VE,"ns2.sicm.gob.ve, ns1.sicm.gob.ve"
ovs.gob.ve,2012-04-26,2012,2029-12-31,,NIC-VE,,Caracas,VE,"dns2.ovs.gob.ve, dns1.ovs.gob.ve"
consuladobarcelona.gob.ve,2012-04-24,2012,2029-12-31,,NIC-VE,,Barcelona,ES,"ns1.cdmon.net, ns2.cdmon.net, ns3.cdmon.net"
concejomunicipalzamora.gob.ve,2012-04-20,2012,2029-12-31,,NIC-VE,,Guatire,VE,"ns3.netquatro.net, ns4.netquatro.net"
contraloriadecojedes.gob.ve,2012-04-12,2012,2029-12-31,,NIC-VE,,San Carlos,VE,"ns5.netvicios.com, ns6.netvicios.com"
industrias.gob.ve,2012-02-13,2012,2029-12-31,2021-08-25,NIC-VE,Mpp De Industrias Y Produccion Nacional,1071,VE,"ns2.industrias.gob.ve, ns1.industrias.gob.ve"
bomberosdeamazonas.gob.ve,2012-02-06,2012,2029-12-31,2023-08-04,NIC-VE,Cuerpo De Bomberos Y Bomberas Y Administracion De Emergencias De Caracter Civil Del Estado Amazonas,7101,VE,"ns6.gconex.com, ns5.gconex.com"
construpatria.gob.ve,2012-02-02,2012,2029-12-31,2019-09-04,NIC-VE,,Caracas,VE,"dns1.construpatria.gob.ve, dn2.construpatria.gob.ve"
alcaldiaderibas.gob.ve,2012-01-31,2012,2029-12-31,2022-02-28,NIC-VE,Alcaldia Del Municipio Jose Felix Ribas,2121,VE,"ns2.enchantservices.com, ns1.enchantservices.com"
e-bolivar.gob.ve,2011-12-29,2011,2029-12-31,,NIC-VE,Ejecutivo Del Estado Bolivar,8001,VE,"ns1.e-bolivar.gob.ve, ns2.e-bolivar.gob.ve"
cmb.gob.ve,2011-12-28,2011,2029-12-31,,NIC-VE,,Caracas,VE,"ns1.dattaapure.com, ns2.dattaapure.com"
fonbe.gob.ve,2011-09-23,2011,2029-12-31,2025-10-27,NIC-VE,Fondo Nacional De Bomberos Y Bomberas Y Adm De Emerg,1071,VE,"ns2.fonbe.gob.ve, ns1.fonbe.gob.ve"
epuvenezuela.gob.ve,2011-09-08,2011,2029-12-31,,NIC-VE,,Caracas,VE,"ns1.mre.gob.ve, ns2.mre.gob.ve"
mppsp.gob.ve,2011-08-31,2011,2029-12-31,2025-08-30,NIC-VE,Ministerio Del Poder Popular Para El Servicio Penitenciario,1060,VE,"dns1.mppsp.gob.ve, dns2.mppsp.gob.ve, dns3.mppsp.gob.ve"
idenna.gob.ve,2011-08-04,2011,2029-12-31,2024-12-27,NIC-VE,Instituto Autonomo Consejo Nacional De Derechos De Ni  Os  Ni  As Y Adolecentes  Idenna,1053,VE,"m2.servidoro.com, m1.servidoro.com"
archivodellibertador.gob.ve,2011-08-03,2011,2029-12-31,,NIC-VE,,Caracas,VE,"ns2.agnve.gob.ve, ns1.mppc.gob.ve, ns2.mppc.gob.ve, ns1.agnve.gob.ve"
fondoefa.gob.ve,2011-05-27,2011,2029-12-31,2023-07-25,NIC-VE,Fondoefa,1020,VE,"ns2.fondoefa.gob.ve, ns1.fondoefa.gob.ve"
aguasdeyaracuy.gob.ve,2011-05-20,2011,2029-12-31,,NIC-VE,Aguas De Yaracuy C A,3201,VE,"dorthy.ns.cloudflare.com, rajeev.ns.cloudflare.com"
contraloriamunicipaldepiar.gob.ve,2011-05-19,2011,2029-12-31,,NIC-VE,,Upata,VE,"ns2.mysecurecloudhost.com, ns1.mysecurecloudhost.com, ns4.mysecurecloudhost.com, ns3.mysecurecloudhost.com"
tves.gob.ve,2011-05-18,2011,2029-12-31,2023-06-12,NIC-VE,Fundacion Televisora Venezolana Social  Teves,1070,VE,"ivan.ns.cloudflare.com, anna.ns.cloudflare.com"
cfg.gob.ve,2011-05-10,2011,2029-12-31,2020-03-06,NIC-VE,Fondo De Compensacion Interterritorial,1050,VE,"ns4.cfg.gob.ve, ns3.cfg.gob.ve"
vit.gob.ve,2011-04-15,2011,2029-12-31,,NIC-VE,,Punto Fijo,VE,"ns1.vit.gob.ve, ns2.vit.gob.ve"
fondoin.gob.ve,2011-04-08,2011,2029-12-31,2022-05-16,NIC-VE,Fondo Vzlano De Reconversion Ind Y Tecnologica Fondoin,1050,VE,"ns2.fondoin.gob.ve, ns1.fondoin.gob.ve"
baer.gob.ve,2011-03-16,2011,2029-12-31,,NIC-VE,,Caracas,VE,"dns1.baer.gob.ve, dns2.baer.gob.ve"
contraloriaestadomerida.gob.ve,2011-02-24,2011,2029-12-31,,NIC-VE,,Merida,VE,"ns5.netvicios.com, ns6.netvicios.com"
bpvb.gob.ve,2011-01-24,2011,2029-12-31,2024-02-15,NIC-VE,Bolsa P  Blica De Valores Bicentenaria,1060,VE,"dns1.bpvb.gob.ve, dns2.bpvb.gob.ve"
iaim.gob.ve,2011-01-18,2011,2029-12-31,2025-08-30,NIC-VE,Instituto Aeropuerto Internacional De Maiquet  A,1162,VE,ns1.iaim.gob.ve
contraloriagirardot-aragua.gob.ve,2010-12-08,2010,2029-12-31,,NIC-VE,,MARACAY,VE,"ns0.contraloriagirardot-aragua.gob.ve, ns1.contraloriagirardot-aragua.gob.ve"
mincultura.gob.ve,2010-12-06,2010,2029-12-31,,NIC-VE,Ministerio Del Poder Popular Para La Cultura,1010,VE,"ns1.mincultura.gob.ve, ns2.mincultura.gob.ve"
chacao.gob.ve,2010-11-26,2010,2029-12-31,2022-08-15,NIC-VE,Alcaldia Del Municipio Chacao,1060,VE,"jihoon.ns.cloudflare.com, harleigh.ns.cloudflare.com"
contraloria-apure.gob.ve,2010-10-15,2010,2029-12-31,,NIC-VE,,Apure,VE,"ns5.globalhost.com.ve, ns6.globalhost.com.ve"
zecarabobo.gob.ve,2010-09-20,2010,2029-12-31,,NIC-VE,,Valencia,VE,"ns39.tepuyserver.net, ns40.tepuyserver.net"
alcaldialibertador-carabobo.gob.ve,2010-09-17,2010,2029-12-31,,NIC-VE,,Valencia,VE,"ns23.tepuyserver.net, ns24.tepuyserver.net"
contraloriaestadobarinas.gob.ve,2010-08-30,2010,2029-12-31,2020-03-06,NIC-VE,,Barinas,VE,"ns3.netvicios.com, ns4.netvicios.com"
sunaval.gob.ve,2010-08-26,2010,2029-12-31,2021-09-01,NIC-VE,Superintendencia Nacional De Valores,1050,VE,"salvador.ns.cloudflare.com, lola.ns.cloudflare.com"
alcaldiadevalencia.gob.ve,2010-08-18,2010,2029-12-31,,NIC-VE,,Valencia,VE,"dns1.alcaldiadevalencia.gob.ve, dns2.alcaldiadevalencia.gob.ve"
ima.gob.ve,2010-08-18,2010,2029-12-31,,NIC-VE,,Valencia,VE,"dns1.alcaldiadevalencia.gob.ve, dns2.alcaldiadevalencia.gob.ve"
contraloriaestadoamazonas.gob.ve,2010-08-11,2010,2029-12-31,,NIC-VE,,Puerto Ayacucho,VE,"ns10.venezueladns.com, ns9.venezueladns.com"
pdval.gob.ve,2010-07-30,2010,2029-12-31,,NIC-VE,,Caracas,VE,"ns1.pdval.gob.ve, ns2.pdval.gob.ve, ns3.pdval.gob.ve"
alcaldiadeguaicaipuro.gob.ve,2010-06-16,2010,2029-12-31,2022-04-25,NIC-VE,Alcaldia Del Municipio Guaicaipuro,1201,VE,"peter.ns.cloudflare.com, jen.ns.cloudflare.com"
alcaldiadesandiego.gob.ve,2010-06-01,2010,2029-12-31,,NIC-VE,,Valencia,VE,"dns1.alcaldiadesandiego.gob.ve, 201.248.64.44, dns2.alcaldiadesandiego.gob.ve"
pescalba.gob.ve,2010-06-01,2010,2029-12-31,,NIC-VE,,Empresa Mixta Socialista Pesquera Industrial del ALBA.,VE,dns1.minpesca.gob.ve
cvg.gob.ve,2010-05-27,2010,2029-12-31,,NIC-VE,,Puerto Ordaz,VE,"dns1.cantv.net, dns2.cantv.net"
contraloriaestadozulia.gob.ve,2010-05-19,2010,2029-12-31,2023-08-31,NIC-VE,Contraloria Del Estado Zulia,4001,VE,"ns2.k2webhost.com, ns1.k2webhost.com"
mppeu.gob.ve,2010-04-07,2010,2029-12-31,2024-03-25,NIC-VE,Ministerio Del Poder Popular Para La Educacion Universitaria  Ciencia Y Tecnologia,1010,VE,"ns2.nube.gob.ve, ns1.nube.gob.ve, dns1.mppeuct.gob.ve"
alcaldialossalias.gob.ve,2010-04-05,2010,2029-12-31,2022-08-05,NIC-VE,Alcaldia Del Municipio Los Salias,1204,VE,"ns2.alcaldialossalias.gob.ve, ns1.alcaldialossalias.gob.ve"
tsj.gob.ve,2010-03-05,2010,2029-12-31,,NIC-VE,,Caracas,VE,"dns1.cantv.net, dns2.cantv.net"
cedocabar.gob.ve,2010-02-26,2010,2029-12-31,2022-06-17,NIC-VE,,Maracay,VE,"ns8.conectarhosting.com, ns7.conectarhosting.com"
cida.gob.ve,2010-02-24,2010,2029-12-31,2025-05-06,NIC-VE,Centro De Investigaciones De Astronomia Francisco J Duarte,5101,VE,"ns2.nocdirect.com, ns.nocdirect.com"
rnv.gob.ve,2010-02-24,2010,2029-12-31,,NIC-VE,"Radio Nacional De Venezuela, C.a.",1050,VE,"kipp.ns.cloudflare.com, tori.ns.cloudflare.com"
quimbiotec.gob.ve,2010-02-18,2010,2029-12-31,2025-02-20,NIC-VE,Quimbiotec C.A.,1010,VE,"ns2.quimbiotec.gob.ve, ns1.quimbiotec.gob.ve"
cabelum.gob.ve,2010-02-12,2010,2029-12-31,2020-10-07,NIC-VE,CVG Conductores de Aluminio del Caroní (CVG CABELUM),8001,VE,"ns2.rochendns.net, ns1.rochendns.net"
ipsfa.gob.ve,2010-02-12,2010,2029-12-31,,NIC-VE,,Caracas,VE,"dns1.cantv.net, dns.ipsfa.gob.ve, dns2.ipsfa.gob.ve, dns2.cantv.net, dns1.ipsfa.gob.ve"
cicpc.gob.ve,2010-02-11,2010,2029-12-31,,NIC-VE,,Caracas,VE,"dns1.cantv.net, dns2.cantv.net"
mppee.gob.ve,2010-01-25,2010,2029-12-31,,NIC-VE,,Caracas,VE,"ns1.mppee.gob.ve, ns2.mppee.gob.ve"
alcaldiasantarosalia.gob.ve,2010-01-21,2010,2029-12-31,,NIC-VE,,El Playon,VE,"ns3.netquatro.net, ns4.netquatro.net"
alcaldiademara.gob.ve,2010-01-06,2010,2029-12-31,,NIC-VE,,Maracaibo,VE,"ns18.tepuyserver.net, ns17.tepuyserver.net"
alcaldiasimonbolivar.gob.ve,2009-12-21,2009,2029-12-31,,NIC-VE,,Barcelona,VE,"ns1.cdmon.net, ns2.cdmon.net, ns3.cdmon.net, ns4.cdmondns-01.org, ns5.cdmondns-01.com"
fundesta.gob.ve,2009-11-26,2009,2029-12-31,,NIC-VE,,San Cristobal,VE,"ns42.domaincontrol.com, ns41.domaincontrol.com"
polimer.gob.ve,2009-11-26,2009,2029-12-31,,NIC-VE,,Merida,VE,"ns1.polimer.gob.ve, ns2.polimer.gob.ve"
fona.gob.ve,2009-10-29,2009,2029-12-31,2023-07-19,NIC-VE,Fondo Nacional Antidrogas,1050,VE,"ns2.fona.gob.ve, ns1.fona.gob.ve"
cnh.gob.ve,2009-10-07,2009,2029-12-31,,NIC-VE,Ministerio Del Poder Popular Para La Cultura,1010,VE,"ns2.agnve.gob.ve, ns1.agnve.gob.ve"
registrocivilsc.gob.ve,2009-10-07,2009,2029-12-31,,NIC-VE,,San Cristobal,VE,"ns2.solucionesvmr.info, ns1.solucionesvmr.info"
correodelorinoco.gob.ve,2009-09-21,2009,2029-12-31,,NIC-VE,,Caracas,VE,"luke.ns.cloudflare.com, addyson.ns.cloudflare.com"
alcaldiagirardot.gob.ve,2009-09-08,2009,2029-12-31,,NIC-VE,,Maracay,VE,"ns0.alcaldiagirardot.gob.ve, ns1.alcaldiagirardot.gob.ve, ns2.alcaldiagirardot.gob.ve"
fundacioncami.gob.ve,2009-09-04,2009,2029-12-31,,NIC-VE,,Valencia,VE,"dns1.caracasdns.com, dns2.caracasdns.com"
fitven.gob.ve,2009-08-19,2009,2029-12-31,,NIC-VE,,Caracas,VE,"dns2.mintur.gob.ve, dns1.mintur.gob.ve"
guarico.gob.ve,2009-08-10,2009,2029-12-31,2024-05-10,NIC-VE,Gobernacion Del Estado Bolivariano De Gu  Rico,2301,VE,"dns2.guarico.gob.ve, dns1.guarico.gob.ve"
bolipuertos.gob.ve,2009-08-04,2009,2029-12-31,,NIC-VE,,Carcas,VE,"dns1.cantv.net, dns2.cantv.net"
policiadearagua.gob.ve,2009-07-09,2009,2029-12-31,,NIC-VE,,Maracay,VE,dns1.policiadearagua.gob.ve
alcaldiapaez.gob.ve,2009-07-07,2009,2029-12-31,2024-06-05,NIC-VE,Alcaldia Del Municipio Paez,3301,VE,"ns2.dattaapure.com, ns1.dattaapure.com"
vtelca.gob.ve,2009-06-16,2009,2029-12-31,,NIC-VE,,Coro,VE,dns1.vtelca.gob.ve
alcaldiadecolon.gob.ve,2009-06-15,2009,2029-12-31,,NIC-VE,,Santa Barbara del Zulia,VE,"ns3.hosting.com.ve, ns4.hosting.com.ve"
minmujer.gob.ve,2009-06-10,2009,2029-12-31,2023-03-07,NIC-VE,Ministerio Del Poder Popular Para La Mujer Y La Igualdad De Genero,1010,VE,"dns2.minmujer.gob.ve, dns1.minmujer.gob.ve"
contraloriadevalera.gob.ve,2009-06-03,2009,2029-12-31,,NIC-VE,Contraloria Municipal De Valera,3101,VE,"ns5.venezueladns.com, ns6.venezueladns.com"
gdc.gob.ve,2009-05-29,2009,2029-12-31,,NIC-VE,,Caracas,VE,"dns1.cantv.net, dns2.cantv.net"
alcaldiadesancristobal.gob.ve,2009-05-06,2009,2029-12-31,,NIC-VE,,San Cristobal,VE,"ns1.solucionesvmr.info, ns2.solucionesvmr.info"
zulia.gob.ve,2009-04-21,2009,2029-12-31,,NIC-VE,,Maracaibo,VE,"amber.ns.cloudflare.com, brett.ns.cloudflare.com"
corposaludtachira.gob.ve,2009-04-15,2009,2029-12-31,,NIC-VE,,San Cristobal,VE,"delta.corposaludtachira.gob.ve, epsilon.corposaludtachira.gob.ve"
alcaldiadezamora.gob.ve,2009-04-08,2009,2029-12-31,2020-03-06,NIC-VE,,Guatire,VE,"dns2.namecheaphosting.com, dns1.namecheaphosting.com"
alcaldiadeheres.gob.ve,2009-04-06,2009,2029-12-31,,NIC-VE,,Bolivar,VE,"dns1.alcaldiadeheres.gob.ve, dns2.alcaldiadeheres.gob.ve"
alcaldiadeguacara.gob.ve,2009-03-23,2009,2029-12-31,,NIC-VE,,Guacara,VE,"pdns2.registrar-servers.com, pdns1.registrar-servers.com"
mindeporte.gob.ve,2009-02-19,2009,2029-12-31,,NIC-VE,,Caracas,VE,"dns1.cantv.net, dns2.cantv.net"
ivic.gob.ve,2009-02-11,2009,2029-12-31,,NIC-VE,,Caracas,VE,dns1.ivic.gob.ve
alcaldiamunicipiosucre.gob.ve,2009-02-04,2009,2029-12-31,,NIC-VE,,Caracas,VE,"ns1.daycohost.net, ns2.daycohost.net"
insai.gob.ve,2009-01-16,2009,2029-12-31,,NIC-VE,,Maracay,VE,"ns2.insai.gob.ve, ns1.insai.gob.ve, ns4.insai.gob.ve, ns3.insai.gob.ve"
alcaldiaelhatillo.gob.ve,2008-12-19,2008,2029-12-31,2022-10-31,NIC-VE,Alcaldia Del Municp El Hatllo,1083,VE,"ram.ns.cloudflare.com, celine.ns.cloudflare.com"
fundabit.gob.ve,2008-12-11,2008,2029-12-31,,NIC-VE,,Caracas,VE,"dns1.fundabit.gob.ve, dns2.fundabit.gob.ve"
tgc.gob.ve,2008-12-02,2008,2029-12-31,2025-12-12,NIC-VE,Telecomunicaciones Gran Caribe  S A,1010,VE,"ns1.mppct.gob.ve, ns2.mppct.gob.ve, ns3.mppct.gob.ve"
intt.gob.ve,2008-12-01,2008,2029-12-31,,NIC-VE,,Caracas,VE,"dns1.intt.gob.ve, dns2.intt.gob.ve"
codecyt.gob.ve,2008-11-04,2008,2029-12-31,,NIC-VE,,Caracas,VE,"ns1.mppct.gob.ve, ns2.mppct.gob.ve"
hidropaez.gob.ve,2008-10-29,2008,2029-12-31,2021-12-22,NIC-VE,C A Hidrologica P  Ez,2301,VE,"dns1.hidropaez.gob.ve, dns2.hidropaez.gob.ve"
mppre.gob.ve,2008-09-26,2008,2029-12-31,,NIC-VE,,Caracas,VE,"ns3.mppre.gob.ve, ns2.mppre.gob.ve, ns1.mppre.gob.ve, ns4.mppre.gob.ve"
corpoelec.gob.ve,2008-07-28,2008,2029-12-31,,NIC-VE,Corporacion Electrica Nacional S  A   Corpoelec,1010,VE,"ns1.corpoelec.gob.ve, ns2.corpoelec.gob.ve, ns3.corpoelec.gob.ve"
fevp.gob.ve,2008-07-25,2008,2029-12-31,2020-03-06,NIC-VE,NO APLICA,1090,VE,"ns1.mppp.gob.ve, ns2.mppp.gob.ve"
mppef.gob.ve,2008-07-18,2008,2029-12-31,2022-03-18,NIC-VE,Ministerio Del Poder Popular De Econom  A Y Finanzas,1010,VE,"dns1.mppef.gob.ve, dns2.mppef.gob.ve"
incret.gob.ve,2008-06-19,2008,2029-12-31,,NIC-VE,,Caracas,VE,"matrix1.adclichosting.com, matrix2.adclichosting.com"
consulado.gob.ve,2008-05-14,2008,2029-12-31,,NIC-VE,,Caracas,VE,"ns1.mre.gob.ve, ns2.mre.gob.ve"
embajada.gob.ve,2008-05-14,2008,2029-12-31,,NIC-VE,,Caracas,VE,"ns1.mre.gob.ve, ns2.mre.gob.ve"
presidencia.gob.ve,2008-04-25,2008,2029-12-31,2024-06-13,NIC-VE,Ministerio Del Poder Popular Del Despacho De La Presidencia Y Seguimiento De La Gestion De Gobierno,1010,VE,"ns1.digalo.gob.ve, ns2.digalo.gob.ve"
alcaldiadepalavecino.gob.ve,2008-04-02,2008,2029-12-31,2022-03-09,NIC-VE,Alcaldia Del Municipio Palavecino,3023,VE,"pola.ns.cloudflare.com, ezra.ns.cloudflare.com"
abae.gob.ve,2008-03-25,2008,2029-12-31,2019-09-06,NIC-VE,,Caracas,VE,"ns1.abae.gob.ve, ns2.abae.gob.ve"
insopesca.gob.ve,2008-03-25,2008,2029-12-31,,NIC-VE,,Caracas,VE,"dns1.insopesca.gob.ve, dns2.insopesca.gob.ve"
vicepresidencia.gob.ve,2008-03-11,2008,2029-12-31,2022-01-27,NIC-VE,Vicepresidencia De La Republica Bolivariana De Venezuela,1010,VE,beta.vicepresidencia.gob.ve
fundalanavial.gob.ve,2008-03-06,2008,2029-12-31,,NIC-VE,,Catia la Mar,VE,"dns1.fundalanavial.gob.ve, dns2.fundalanavial.gob.ve"
vencert.gob.ve,2008-02-13,2008,2029-12-31,,NIC-VE,,Caracas,VE,"ryloth.suscerte.gob.ve, ryloth2.suscerte.gob.ve"
cgesucre.gob.ve,2008-01-10,2008,2029-12-31,,NIC-VE,,Cuman&#225;,VE,"ns1.afraid.org, ns2.afraid.org, ns3.afraid.org, ns4.afraid.org"
agn.gob.ve,2007-12-05,2007,2029-12-31,,NIC-VE,Ministerio Del Poder Popular Para La Cultura,1010,VE,"ns1.agnve.gob.ve, ns2.agnve.gob.ve"
corpivensa.gob.ve,2007-11-16,2007,2029-12-31,,NIC-VE,,Caracas,VE,"ns4.reacciun.ve, ns3.reacciun.ve"
opsu.gob.ve,2007-11-16,2007,2029-12-31,2024-03-29,NIC-VE,Consejo Nacional De Universidades,1010,VE,"ns2.nube.gob.ve, ns1.nube.gob.ve, dns1.mppeuct.gob.ve"
cendis.gob.ve,2007-11-08,2007,2029-12-31,,NIC-VE,Ministerio Del Poder Popular Para La Cultura,1010,VE,"ns2.mincultura.gob.ve, ns1.mincultura.gob.ve"
ciara.gob.ve,2007-09-27,2007,2029-12-31,,NIC-VE,,Caracas,VE,dns1.ciara.gob.ve
anzoategui.gob.ve,2007-09-26,2007,2029-12-31,,NIC-VE,,Barcelona,VE,"ns5.globalhost.com.ve, ns6.globalhost.com.ve"
asambleanacional.gob.ve,2007-08-23,2007,2029-12-31,2022-09-30,NIC-VE,,Caracas,VE,"ns4.asambleanacional.gob.ve, ns1.asambleanacional.gob.ve, ns3.asambleanacional.gob.ve, ns2.asambleanacional.gob.ve"
sitssa.gob.ve,2007-08-22,2007,2029-12-31,,NIC-VE,,"Petare-Guarenas, edificio Terminal de Oriente",VE,"dns1.cantv.net, dns2.cantv.net"
minec.gob.ve,2007-06-27,2007,2029-12-31,,NIC-VE,,Caracas.,VE,"dns1.minec.gob.ve, dns2.minec.gob.ve"
inces.gob.ve,2007-05-29,2007,2029-12-31,2022-02-24,NIC-VE,Instituto Nacional De Capacitacion Y Educacion Socialista,1010,VE,"dns2.inces.gob.ve, dns1.inces.gob.ve, ns4.reacciun.ve, ns3.reacciun.ve"
inzit.gob.ve,2007-05-21,2007,2029-12-31,2025-09-15,NIC-VE,Fundacion Instituto Zuliano De Invest Tecnologicas,4036,VE,"ns3.nube.gob.ve, ns5.nube.gob.ve"
conalot.gob.ve,2007-05-18,2007,2029-12-31,2024-10-08,NIC-VE,Comisi  N Nacional De Loteria,1050,VE,"ns1.conalot.gob.ve, ns2.conalot.gob.ve"
redtv.gob.ve,2007-05-04,2007,2029-12-31,,NIC-VE,,Caracas,VE,"dns1.cantv.net, dns2.cantv.net"
minpal.gob.ve,2007-04-12,2007,2029-12-31,,NIC-VE,,Caracas,VE,"ns1.minpal.gob.ve, ns2.minpal.gob.ve"
fundelec.gob.ve,2007-03-30,2007,2029-12-31,,NIC-VE,,Caracas,VE,"dns1.cantv.net, dns2.cantv.net"
mp.gob.ve,2007-03-26,2007,2029-12-31,,NIC-VE,,Caracas,VE,"dns1.cantv.net, dns2.cantv.net"
insalud.gob.ve,2007-03-19,2007,2029-12-31,,NIC-VE,,Valencia,VE,"ns1.insalud.gob.ve, ns2.insalud.gob.ve, ns3.insalud.gob.ve, ns4.insalud.gob.ve"
minpi.gob.ve,2007-02-27,2007,2029-12-31,,NIC-VE,,Caracas,VE,"ns2.minpi.gob.ve, ns1.minpi.gob.ve"
cenditel.gob.ve,2007-02-22,2007,2029-12-31,,NIC-VE,NO APLICA,5101,VE,"ns00.cenditel.gob.ve, ns05.cenditel.gob.ve, ns02.cenditel.gob.ve, ns03.cenditel.gob.ve, ns04.cenditel.gob.ve, ns01.cenditel.gob.ve"
fonden.gob.ve,2007-02-15,2007,2029-12-31,2024-12-05,NIC-VE,Fondo De Desarrollo Nacional Fonden  S A,1010,VE,"pat.ns.cloudflare.com, dexter.ns.cloudflare.com"
conapdis.gob.ve,2007-02-05,2007,2029-12-31,,NIC-VE,,Caracas,VE,"dns1.cantv.net, dns2.cantv.net, dns3.conapdis.gob.ve, dns4.conapdis.gob.ve"
funves.gob.ve,2007-01-31,2007,2029-12-31,,NIC-VE,,Caracas,VE,"ns1.netquatro.net, ns2.netquatro.net, ns3.netquatro.net, ns4.netquatro.net"
sogamic.gob.ve,2007-01-29,2007,2029-12-31,2023-05-26,NIC-VE,Sgr Sogamic  S A,1080,VE,"ns30.tepuyserver.net, ns29.tepuyserver.net"
mpps.gob.ve,2007-01-15,2007,2029-12-31,,NIC-VE,,Caracas,VE,"dns1.cantv.net, dns2.cantv.net"
onuginebra.gob.ve,2007-01-12,2007,2029-12-31,,NIC-VE,,Grand-Saconnex,CH,"ns37.kreativmedia.ch, ns38.kreativmedia.ch"
hidrolara.gob.ve,2007-01-09,2007,2029-12-31,,NIC-VE,,Barquisimeto,VE,"dns1.cantv.net, dns2.cantv.net"
oncti.gob.ve,2006-12-14,2006,2029-12-31,2025-12-12,NIC-VE,Observatorio Nacional De Ciencia Tecnologia E Innovacion,1020,VE,"ns1.mppct.gob.ve, ns2.mppct.gob.ve, ns3.mppct.gob.ve"
cnc.gob.ve,2006-12-01,2006,2029-12-31,2025-06-13,NIC-VE,Comision Nacional De Casinos  Salas De Bingo Y Maquinas Traganiqueles,1060,VE,"ns62.cloudns.com, ns61.cloudns.net"
fii.gob.ve,2006-11-27,2006,2029-12-31,,NIC-VE,,Sartenejas,VE,"shakespeare.fii.gob.ve, bello.fii.gob.ve"
telecom.gob.ve,2006-11-20,2006,2029-12-31,2024-01-04,NIC-VE,,Puerto Ordaz,VE,"ns2.nube.gob.ve, ns1.nube.gob.ve"
austria.gob.ve,2006-11-19,2006,2029-12-31,,NIC-VE,,Viena,VE,"ns1.safehoster.com, ns2.safehoster.com"
caracas.gob.ve,2006-11-19,2006,2029-12-31,2023-07-04,NIC-VE,Alcaldia Municipio Libertador Del Distrito Capital,1010,VE,"ns1.caracas.gob.ve, ns2.caracas.gob.ve"
cendit.gob.ve,2006-11-10,2006,2029-12-31,,NIC-VE,,Caracas,VE,"ns1.mppct.gob.ve, ns2.mppct.gob.ve"
vtv.gob.ve,2006-10-26,2006,2029-12-31,,NIC-VE,,Caracas,VE,"dns1.cantv.net, dns2.cantv.net"
inac.gob.ve,2006-10-17,2006,2029-12-31,,NIC-VE,,Caracas,VE,"dns2.inac.gob.ve, dns1.inac.gob.ve"
vycsucre.gob.ve,2006-10-11,2006,2029-12-31,2025-05-07,NIC-VE,Vialidad Y Construcciones Sucre  S A,1010,VE,"dns2.vycsucre.gob.ve, dns1.vycsucre.gob.ve"
falcon.gob.ve,2006-10-06,2006,2029-12-31,,NIC-VE,,Coro,VE,coro.falcon.gob.ve
hidrosuroeste.gob.ve,2006-09-14,2006,2029-12-31,,NIC-VE,,San Cristobal,VE,"dns1.cantv.net, dns2.cantv.net"
reddearte.gob.ve,2006-09-13,2006,2029-12-31,2025-09-10,NIC-VE,Fundacion Red De Arte,1030,VE,"ns875.cleannameservers.com, ns876.cleannameservers.com"
conatel.gob.ve,2006-09-06,2006,2034-12-31,,NIC-VE,,Caracas,VE,"dns3.conatel.gob.ve, dns2.conatel.gob.ve, dns1.conatel.gob.ve"
saime.gob.ve,2006-08-25,2006,2029-12-31,,NIC-VE,,Caracas,VE,ns1.saime.gob.ve
sogampi.gob.ve,2006-08-22,2006,2029-12-31,,NIC-VE,,Caracas,VE,"dns1.cantv.net, dns2.cantv.net, dns3.cantv.net, dns4.cantv.net, dns5.cantv.net"
cntq.gob.ve,2006-08-16,2006,2029-12-31,,NIC-VE,,Caracas,VE,"ns1.mppct.gob.ve, ns2.mppct.gob.ve"
inti.gob.ve,2006-08-10,2006,2029-12-31,2024-10-08,NIC-VE,Instituto Nacional De Tierras,1050,VE,"dns1.inti.gob.ve, dns2.inti.gob.ve"
avilatv.gob.ve,2006-07-14,2006,2029-12-31,,NIC-VE,,Caracas,VE,"dns1.cantv.net, dns2.cantv.net"
miranda.gob.ve,2006-06-30,2006,2029-12-31,,NIC-VE,,Los Teques,VE,"dns1.cantv.net, dns2.cantv.net"
contraloriamonagas.gob.ve,2006-06-27,2006,2029-12-31,,NIC-VE,,Maturin,VE,"ns1.dynu.com, ns2.dynu.com, ns3.dynu.com, ns4.dynu.com, ns5.dynu.com"
bibliotecayacucho.gob.ve,2006-06-05,2006,2029-12-31,2022-07-01,NIC-VE,Fundacion Biblioteca Ayacucho,1010,VE,"ns2.dns-parking.com, ns1.dns-parking.com"
fundacite-falcon.gob.ve,2006-05-31,2006,2029-12-31,2024-11-08,NIC-VE,,Coro,VE,falcon.fundacite-falcon.gob.ve
fundapatrimonio.gob.ve,2006-05-24,2006,2029-12-31,2025-06-06,NIC-VE,Fundapatrimonio,1090,VE,"ns8951.banahosting.com, ns8950.banahosting.com"
contraloriademaracaibo.gob.ve,2006-05-15,2006,2029-12-31,,NIC-VE,Contraloria Municipal De Maracaibo,4001,VE,"ns4.hosting.com.ve, ns3.hosting.com.ve, ns6.gconex.com, ns5.gconex.com"
bnv.gob.ve,2006-03-10,2006,2029-12-31,,NIC-VE,,Caracas,VE,ns.bnv.gob.ve
banmujer.gob.ve,2006-02-03,2006,2029-12-31,,NIC-VE,"Banco De Desarrollo De La Mujer, C.a.",1204,VE,"dns2.banmujer.gob.ve, dns1.banmujer.gob.ve"
contraloriadebarquisimeto.gob.ve,2006-01-31,2006,2029-12-31,2020-03-07,NIC-VE,,Barquisimeto,VE,"dns1.dominioscaracas.com, dns2.dominioscaracas.com"
fonpyme.gob.ve,2006-01-20,2006,2029-12-31,,NIC-VE,,Caracas,VE,"dns2.fonpyme.gob.ve, dns1.fonpyme.gob.ve"
saren.gob.ve,2006-01-20,2006,2029-12-31,,NIC-VE,,Caracas,VE,"dns1.cantv.net, dns2.cantv.net"
teatroteresacarreno.gob.ve,2006-01-20,2006,2029-12-31,2023-06-27,NIC-VE,Fundacion Teatro Teresa Carre  O,1010,VE,"ns2.teatroteresacarreno.gob.ve, ns1.teatroteresacarreno.gob.ve"
fundacite-amazonas.gob.ve,2006-01-10,2006,2029-12-31,2024-01-22,NIC-VE,Fundacion Para El Desarrollo De La Ciencia Y La Tecnologia En El Estado Amazonas  Fundacite Amazonas,7101,VE,"ns2.hostpannel.com, ns1.hostpannel.com"
bt.gob.ve,2005-12-07,2005,2029-12-31,2021-12-14,NIC-VE,Banco Del Tesoro  C A   Banco Universal,1060,VE,"ns01.bt.gob.ve, ns02.bt.gob.ve"
nuevaesparta.gob.ve,2005-12-01,2005,2029-12-31,,NIC-VE,,La Asuncion,VE,"ns1.nuevaesparta.gob.ve, ns2.nuevaesparta.gob.ve"
hidrocaribe.gob.ve,2005-11-30,2005,2029-12-31,2024-03-29,NIC-VE,C A Hidrologica Del Caribe Hidrocaribe,6023,VE,"dns2.cantv.net, dns1.cantv.net"
bomberosmerida.gob.ve,2005-11-13,2005,2029-12-31,2025-12-12,NIC-VE,Cuerpo De Bomberos De Merida,5101,VE,"ns1.wthosting.net, ns2.wthosting.net"
cmchacao.gob.ve,2005-11-03,2005,2029-12-31,,NIC-VE,Contraloria Municipal Del Municipio Chacao,1060,VE,"harvey.ns.cloudflare.com, kristina.ns.cloudflare.com"
banavih.gob.ve,2005-10-31,2005,2029-12-31,2024-10-09,NIC-VE,Banco Nacional De Vivienda Y Habitat,1050,VE,"ns2.banavih.gob.ve, ns1.banavih.gob.ve"
sabat.gob.ve,2005-10-20,2005,2029-12-31,,NIC-VE,,Barcelona,VE,"ns1.cdmon.net, ns2.cdmon.net, ns3.cdmon.net, ns4.cdmondns-01.org, ns5.cdmondns-01.com"
sahum.gob.ve,2005-10-18,2005,2029-12-31,,NIC-VE,,Maracaibo,VE,"wally.ns.cloudflare.com, west.ns.cloudflare.com"
defensapublica.gob.ve,2005-10-06,2005,2029-12-31,,NIC-VE,,Caracas,VE,"dns1.cantv.net, dns2.cantv.net"
iactp.gob.ve,2005-10-03,2005,2029-12-31,,NIC-VE,,Caracas,VE,"ns350.gconex.com, ns351.gconex.com"
suscerte.gob.ve,2005-09-26,2005,2029-12-31,,NIC-VE,,Caracas,VE,"ryloth2.suscerte.gob.ve, ryloth.suscerte.gob.ve"
funrevi.gob.ve,2005-09-08,2005,2029-12-31,,NIC-VE,,Barquisimeto,VE,"ns1.soyhosting.com, ns2.soyhosting.com"
metrodecaracas.gob.ve,2005-08-30,2005,2029-12-31,2024-07-18,NIC-VE,C.a. Metro De Caracas,1010,VE,"dns1.cantv.net, dns2.cantv.net"
saludzulia.gob.ve,2005-08-22,2005,2029-12-31,,NIC-VE,,Maracaibo,VE,"dns1.caracashosting25.com, dns2.caracashosting25.com"
fonacit.gob.ve,2005-08-17,2005,2029-12-31,2020-06-29,NIC-VE,,1012,VE,"ns1.fonacit.gob.ve, ns2.fonacit.gob.ve"
ipostel.gob.ve,2005-08-14,2005,2029-12-31,,NIC-VE,,Caracas,VE,"dns1.ipostel.gob.ve, dns2.ipostel.gob.ve"
inia.gob.ve,2005-08-10,2005,2029-12-31,2024-03-18,NIC-VE,Instituto Nacional De Investigaciones Agricolas,2105,VE,"dns2.inia.gob.ve, dns1.inia.gob.ve"
snc.gob.ve,2005-08-08,2005,2029-12-31,2022-08-08,NIC-VE,Servicio Nacional De Contrataciones  Snc,1015,VE,"dns1.snc.gob.ve, dns5.snc.gob.ve, dns4.snc.gob.ve, dns3.snc.gob.ve, dns2.snc.gob.ve"
miranda-carabobo.gob.ve,2005-08-04,2005,2029-12-31,,NIC-VE,NO APLICA,2041,VE,"theo.ns.cloudflare.com, kay.ns.cloudflare.com"
fundadeporte.gob.ve,2005-07-18,2005,2029-12-31,,NIC-VE,,Naguanagua,VE,"ns25.tepuyserver.net, ns26.tepuyserver.net"
hidrocentro.gob.ve,2005-07-18,2005,2029-12-31,,NIC-VE,,Guacara,VE,"dns1.cantv.net, dns2.cantv.net"
aragua.gob.ve,2005-07-17,2005,2029-12-31,,NIC-VE,,Maracay,VE,"ns2.aragua.gob.ve, ns1.aragua.gob.ve"
cenal.gob.ve,2005-07-12,2005,2029-12-31,,NIC-VE,Ministerio Del Poder Popular Para La Cultura,1010,VE,"dns1.cenal.gob.ve, dns2.cenal.gob.ve"
inh.gob.ve,2005-07-11,2005,2029-12-31,,NIC-VE,,Caracas,VE,"dina.ns.cloudflare.com, luke.ns.cloudflare.com"
inatur.gob.ve,2005-07-10,2005,2029-12-31,,NIC-VE,,Caracas,VE,"dns1.mintur.gob.ve, dns2.mintur.gob.ve"
carrizal-miranda.gob.ve,2005-06-30,2005,2029-12-31,2020-06-18,NIC-VE,Alcaldia Del Municipio Carrizal,1203,VE,"ns0.kitepilotsolutions.com, ns.kitepilotsolutions.com"
cgr.gob.ve,2005-06-28,2005,2029-12-31,2025-08-30,NIC-VE,Contraloria General De La Republica,1050,VE,"aldo.ns.cloudflare.com, sue.ns.cloudflare.com"
hidroven.gob.ve,2005-06-26,2005,2029-12-31,2023-02-16,NIC-VE,C A  Hidrologica Venezolana,1060,VE,"ns2.hidroven.gob.ve, ns1.hidroven.gob.ve"
mercal.gob.ve,2005-06-26,2005,2029-12-31,,NIC-VE,NO APLICA,1090,VE,"dns1.mercal.gob.ve, dns2.mercal.gob.ve"
fundacite-merida.gob.ve,2005-06-16,2005,2029-12-31,2021-10-22,NIC-VE,Fundacite Merida,5101,VE,"ns2.fundacite-merida.gob.ve, ns.fundacite-merida.gob.ve"
inn.gob.ve,2005-06-14,2005,2029-12-31,,NIC-VE,,Caracas,VE,"dns1.inn.gob.ve, dns2.inn.gob.ve"
bandes.gob.ve,2005-06-09,2005,2029-12-31,,NIC-VE,,Caracas,VE,"ns1.bandes.gob.ve, ns2.bandes.gob.ve, ns3.bandes.gob.ve, ns4.bandes.gob.ve"
cne.gob.ve,2005-06-09,2005,2029-12-31,,NIC-VE,,Caracas,VE,"dns1.cantv.net, dns2.cantv.net"
igvsb.gob.ve,2005-06-09,2005,2029-12-31,,NIC-VE,,Caracas,VE,"dns01.igvsb.gob.ve, ns2.mppp.gob.ve"
inamujer.gob.ve,2005-06-09,2005,2029-12-31,2023-03-06,NIC-VE,Instituto Nacional De La Mujer,1010,VE,"dns2.inamujer.gob.ve, dns1.inamujer.gob.ve"
ine.gob.ve,2005-06-09,2005,2029-12-31,2020-04-30,NIC-VE,,Caracas,VE,"dns.ine.gob.ve, ns1.mppp.gob.ve"
inea.gob.ve,2005-06-09,2005,2029-12-31,2020-03-06,NIC-VE,,Caracas,VE,"dns1.inea.gob.ve, dns2.inea.gob.ve"
pcivil.gob.ve,2005-06-09,2005,2029-12-31,,NIC-VE,,Caracas,VE,"dns1.cantv.net, dns2.cantv.net"
idea.gob.ve,2005-06-07,2005,2029-12-31,2023-11-28,NIC-VE,Fundacion Instituto De Estudios Avanzados Idea,1050,VE,"ns4.reacciun.ve, ns3.reacciun.ve"
cmldc.gob.ve,2005-06-06,2005,2029-12-31,2024-06-05,NIC-VE,Contraloria Municipal Del Municipio Bolivariano Libertador Del Distrito Capital,1010,VE,"ns4.reacciun.ve, ns3.reacciun.ve"
merida.gob.ve,2005-06-02,2005,2029-12-31,,NIC-VE,,Merida,VE,"s1.teleinformatica.gob.ve, s2.teleinformatica.gob.ve"
pgr.gob.ve,2005-06-01,2005,2029-12-31,,NIC-VE,,Caracas,VE,"ns2.pgr.gob.ve, ns1.pgr.gob.ve"
sunai.gob.ve,2005-05-30,2005,2029-12-31,,NIC-VE,,Caracas,VE,"dns1.cantv.net, dns2.cantv.net"
ciepe.gob.ve,2005-05-25,2005,2029-12-31,2022-08-25,NIC-VE,Fundacion Ciepe,3201,VE,"dns20.dnsx5.com, dns10.dnsx5.com"
an.gob.ve,2005-05-23,2005,2029-12-31,,NIC-VE,,Caracas,VE,"ns1.asambleanacional.gob.ve, ns2.asambleanacional.gob.ve, ns3.asambleanacional.gob.ve, ns4.asambleanacional.gob.ve"
seniat.gob.ve,2005-05-19,2005,2029-12-31,2022-04-11,NIC-VE,Servicio Nacional Integrado De Administracion Aduanera Y Tributaria,1070,VE,"dns1.cantv.net, dns2.cantv.net"
inhrr.gob.ve,2005-05-15,2005,2029-12-31,,NIC-VE,,Caracas,VE,"dns1.cantv.net, dns2.cantv.net"
ipasme.gob.ve,2005-05-10,2005,2029-12-31,,NIC-VE,,Caracas,VE,"dns1.cantv.net, dns2.cantv.net"
fundarte.gob.ve,2005-05-05,2005,2029-12-31,2022-11-28,NIC-VE,Fundacion Para La Cultura Y Las Artes,1014,VE,"ns8951.banahosting.com, ns8950.banahosting.com"
fundayacucho.gob.ve,2005-04-12,2005,2029-12-31,2021-10-14,NIC-VE,Fundacion Gran Mariscal De Ayacucho,1073,VE,"ns2.fundayacucho.gob.ve, ns1.fundayacucho.gob.ve"
lara.gob.ve,2005-04-12,2005,2029-12-31,,NIC-VE,,Barquisimeto,VE,ns1.lara.gob.ve
fidetel.gob.ve,2005-04-11,2005,2029-12-31,,NIC-VE,,Caracas,VE,"ns1.mppct.gob.ve, ns2.mppct.gob.ve"
sencamer.gob.ve,2005-04-03,2005,2029-12-31,,NIC-VE,,Caracas,VE,"dns1.sencamer.gob.ve, dns2.sencamer.gob.ve"
apure.gob.ve,2005-03-28,2005,2029-12-31,2024-07-03,NIC-VE,Gobernacion Del Estado Apure,7001,VE,"ns1.apure.gob.ve, correo.apure.gob.ve"
softwarelibre.gob.ve,2005-03-27,2005,2029-12-31,,NIC-VE,,Caracas,VE,"dns1.cnti.gob.ve, dns2.cnti.gob.ve, dns5.cnti.gob.ve, dns6.cnti.gob.ve, ns3.reacciun.ve, ns4.reacciun.ve"
fogade.gob.ve,2005-03-16,2005,2029-12-31,2025-11-04,NIC-VE,Fondo De Proteccion Social De Los Depositos Bancarios,1010,VE,"dns1.fogade.gob.ve, dns2.fogade.gob.ve"
mindefensa.gob.ve,2005-03-15,2005,2029-12-31,,NIC-VE,,Caracas,VE,"dns1.mindefensa.gob.ve, dns2.mindefensa.gob.ve"
fondemi.gob.ve,2005-03-09,2005,2029-12-31,,NIC-VE,,Caracas,VE,"externo1.fondemi.gob.ve, externo.fondemi.gob.ve"
sudeban.gob.ve,2005-03-07,2005,2029-12-31,2022-09-16,NIC-VE,Superintendencia De Las Instituciones Del Sector Bancario,1071,VE,"dns4.sudeban.gob.ve, dns2.sudeban.gob.ve, dns1.sudeban.gob.ve, dns3.sudeban.gob.ve"
sunacoop.gob.ve,2005-03-02,2005,2029-12-31,,NIC-VE,,Caracas,VE,"dns2.comunas.gob.ve, dns1.comunas.gob.ve"
corpotulipa.gob.ve,2005-02-28,2005,2029-12-31,2024-07-17,NIC-VE,Corp  Para La Zona Libre Para El Fomento De La Inversi  N Tur  Stica En La Pen  Nsula De Paraguan,4150,VE,"ns2.corpotulipa.gob.ve, ns1.corpotulipa.gob.ve"
ochina.gob.ve,2005-02-20,2005,2029-12-31,2022-03-23,NIC-VE,Oficina Coordinadora De Hidrografia Y Navegacion  Ochina,1161,VE,"dns1.cantv.net, dns2.cantv.net"
mintur.gob.ve,2005-02-15,2005,2029-12-31,,NIC-VE,,Caracas,VE,"dns1.mintur.gob.ve, dns2.mintur.gob.ve"
inparques.gob.ve,2005-02-03,2005,2029-12-31,,NIC-VE,,Caracas,VE,"ns3.tepuyserver.net, ns4.tepuyserver.net"
corpocentro.gob.ve,2005-01-30,2005,2029-12-31,,NIC-VE,,Valencia,VE,"ns1.mppp.gob.ve, ns2.mppp.gob.ve"
venezuela.gob.ve,2005-01-13,2005,2029-12-31,,NIC-VE,,Caracas,VE,"ns1.digalo.gob.ve, ns2.digalo.gob.ve"
yaracuy.gob.ve,2004-12-15,2004,2029-12-31,,NIC-VE,,San Felipe,VE,"kay.ns.cloudflare.com, theo.ns.cloudflare.com"
portuguesa.gob.ve,2004-12-14,2004,2029-12-31,,NIC-VE,,Guanare,VE,"ns1.hostingmaracaibo.com, ns2.hostingmaracaibo.com"
sapi.gob.ve,2004-12-08,2004,2029-12-31,2022-08-15,NIC-VE,Servicio Autonomo De La Propiedad Intelectual,1010,VE,"dns1.sapi.gob.ve, dns2.reacciun.ve"
amazonas.gob.ve,2004-12-02,2004,2029-12-31,,NIC-VE,,Pto. Ayacucho,VE,"ns4.tepuyserver.net, ns3.tepuyserver.net"
cass.gob.ve,2004-11-24,2004,2029-12-31,2025-07-14,NIC-VE,Comision Antidumping Y Sobre Subsidios,1060,VE,"ns19.tepuyserver.net, ns20.tepuyserver.net"
cnti.gob.ve,2004-11-18,2004,2029-12-31,,NIC-VE,,Caracas,VE,"ns3.reacciun.ve, ns4.reacciun.ve, dns2.cnti.gob.ve, dns1.cnti.gob.ve"
infocentro.gob.ve,2004-11-18,2004,2029-12-31,2020-12-04,NIC-VE,,1010,VE,"ns3.reacciun.ve, ns4.reacciun.ve"
